img_id,edge_density,geometric_blocks,color_entropy,compression_ratio,text_area_ratio
fac_001,0.021100,5,8.319120,8.527278,0.000396
fac_002,0.138115,5,9.917643,4.965580,0.005159
fac_003,0.052639,1,6.000298,9.076569,0.040251
fac_004,0.015193,3,6.436849,14.768556,0.000180
fac_005,0.025591,1,6.973182,15.049450,0.010923
fac_006,0.039186,1,6.367018,11.451431,0.088952
fac_007,0.038382,1,6.686963,12.104310,0.052366
fac_008,0.042743,1,6.856984,11.317543,0.075718
fac_009,0.042530,10,7.802339,9.579082,0.053326
fac_010,0.015199,1,1.939808,32.887813,0.043605
fac_011,0.044574,2,7.518668,7.673635,0.004354
fac_012,0.019487,1,7.291694,8.826604,0.022027
fac_013,0.039444,5,7.126866,8.968751,0.000997
fac_014,0.005758,0,0.211126,73.612517,0.026988
fac_015,0.043883,2,7.317931,8.502370,0.002100
fac_016,0.047205,6,8.767762,8.230746,0.138309
fac_017,0.160053,4,9.784539,5.365152,0.005076
fac_018,0.031816,2,6.581135,10.618454,0.000794
fac_019,0.122129,2,9.032981,5.379564,0.002270
fac_020,0.056367,1,7.121960,6.627754,0.135703
fac_021,0.030703,3,7.458446,9.974444,0.006571
fac_022,0.040719,3,8.151880,9.170632,0.003448
fac_023,0.034504,3,7.742976,10.409900,0.011242
fac_024,0.153666,2,8.041579,5.050131,0.006899
fac_025,0.112057,2,7.983448,6.737818,0.005246
fac_026,0.045938,2,7.423908,10.786024,0.003127
fac_027,0.008367,0,5.091210,26.391352,0.034109
fac_028,0.041951,2,8.020697,8.589157,0.002368
fac_029,0.005370,2,6.725871,10.763490,0.000000
fac_030,0.039183,1,4.611801,10.273691,0.064875
fac_031,0.012350,7,7.238784,14.837245,0.048156
fac_032,0.029022,1,6.170782,12.913090,0.023286
fac_033,0.019934,3,7.988236,12.553394,0.020618
fac_034,0.062509,3,8.867177,7.635764,0.009803
fac_035,0.042067,3,8.755081,9.632031,0.014712
fac_036,0.076143,4,8.891832,6.349482,0.018467
fac_037,0.009466,2,6.289913,15.714376,0.003273
fac_038,0.007776,1,6.079399,18.409064,0.000000
fac_039,0.009733,2,7.050438,15.472892,0.000000
fac_040,0.022137,2,7.857835,11.884308,0.000345
fac_041,0.035474,1,7.078636,10.551135,0.001978
fac_042,0.065250,1,8.117891,6.662108,0.000992
fac_043,0.012714,2,6.910932,15.027711,0.000151
fac_044,0.015272,2,6.899522,9.278297,0.000804
fac_045,0.015927,2,7.704418,11.192526,0.001381
fac_046,0.015622,1,3.112035,28.587547,0.010581
fac_047,0.017759,3,8.369557,6.832343,0.018900
fac_048,0.019603,1,5.871979,11.488795,0.000000
fac_049,0.024649,1,7.532938,8.442808,0.001116
fac_050,0.050747,1,7.607644,7.565384,0.000448
fac_051,0.048978,1,7.548467,6.742628,0.030456
fac_052,0.163338,3,7.904459,4.643353,0.001748
fac_053,0.021204,2,7.219402,11.378306,0.034806
fac_054,0.019014,1,4.036348,15.086536,0.046182
fac_055,0.074927,5,10.813492,6.928099,0.003559
fac_056,0.017382,1,2.492922,21.700937,0.001301
fac_057,0.021628,2,8.237967,15.023211,0.076950
fac_058,0.033640,1,6.945992,11.145166,0.035992
fac_059,0.014754,2,7.546289,11.070519,0.045088
fac_060,0.067318,2,8.089936,8.393956,0.056299
fac_061,0.060548,2,9.293879,7.857805,0.004024
fac_062,0.056311,1,5.936872,9.573806,0.006863
fac_063,0.043674,2,9.241366,2.985505,0.007399
fac_064,0.057383,3,7.276271,3.047765,0.001410
fac_065,0.075495,1,9.638761,6.492937,0.006762
fac_066,0.013474,4,7.793833,10.067655,0.026838
fac_067,0.064638,3,8.927441,8.856476,0.001202
fac_068,0.009525,1,7.548895,10.013522,0.000357
fac_069,0.017195,1,5.944605,13.122395,0.003635
fac_070,0.040430,1,6.094863,12.103763,0.000177
fac_071,0.140135,2,7.703631,7.641537,0.000083
fac_072,0.079791,1,8.894270,6.654116,0.035924
fac_073,0.084293,5,8.008797,7.359680,0.027362
fac_074,0.061572,4,8.302342,8.705503,0.006143
fac_075,0.032720,1,6.779338,12.240701,0.033051
fac_076,0.046802,1,6.307393,10.775924,0.057417
fac_077,0.066701,1,9.167075,5.344911,0.042654
fac_078,0.085027,1,8.394682,8.151266,0.013823
fac_079,0.029147,1,3.757161,19.450460,0.047284
fac_080,0.025681,3,8.139394,10.851205,0.000186
fac_081,0.061633,4,7.879908,7.601111,0.010342
fac_082,0.061898,3,4.329328,10.347449,0.002681
fac_083,0.048905,9,9.199796,7.691183,0.020254
fac_084,0.067631,3,8.910970,7.809451,0.004160
fac_085,0.043858,3,3.847701,13.063660,0.031919
fac_086,0.027895,5,8.417028,11.691850,0.044880
fac_087,0.015892,4,9.295065,14.485686,0.033014
fac_088,0.024850,4,8.324857,11.743843,0.051037
fac_089,0.030037,4,3.900292,15.509006,0.029791
fac_090,0.026026,3,9.095395,9.690448,0.003038
fac_091,0.024343,1,7.494430,10.293290,0.007213
fac_092,0.028190,3,7.615008,12.198692,0.001016
fac_093,0.051972,1,7.595183,10.536631,0.032399
fac_094,0.016307,1,7.636815,15.641698,0.041359
fac_095,0.029306,1,6.814613,12.636729,0.048954
fac_096,0.103874,2,8.861190,5.546016,0.004617
fac_097,0.109384,1,9.498942,5.414913,0.020360
fac_098,0.045825,7,8.640618,8.535925,0.001214
fac_099,0.138177,1,8.844073,5.221816,0.004633
fac_100,0.093024,1,6.778046,6.537507,0.009207
fac_101,0.023904,3,5.831207,13.628748,0.024744
fac_102,0.059218,7,4.279497,7.516522,0.119144
fac_103,0.063665,5,8.770434,5.098451,0.016804
fac_104,0.225734,2,10.650010,4.383781,0.016638
fac_105,0.007848,1,7.262214,19.705314,0.001308
fac_106,0.023249,4,5.698803,12.164977,0.055666
fac_107,0.028110,2,4.598764,15.355951,0.102562
fac_108,0.107703,1,10.050399,4.515218,0.063969
fac_109,0.012605,3,8.622245,12.239652,0.011445
fac_110,0.012197,1,4.847262,15.900948,0.042223
fac_111,0.027398,1,5.497395,7.521794,0.010710
fac_112,0.028394,1,5.296687,7.857579,0.314223
fac_113,0.040009,14,3.135245,3.309469,0.019786
fac_114,0.007804,1,0.880853,47.837734,0.207871
fac_115,0.033149,4,4.698437,12.285797,0.000000
fac_116,0.032964,3,6.154488,6.059742,0.001795
fac_117,0.021238,2,4.271051,14.744980,0.012555
fac_118,0.025866,3,4.680232,14.606672,0.004962
fac_119,0.102925,5,8.250815,4.531131,0.015616
fac_120,0.011366,4,5.171206,11.469223,0.042496
fac_121,0.026361,3,10.505649,6.315630,0.000000
fac_122,0.053546,4,8.576336,8.180718,0.005135
fac_123,0.018388,11,9.524926,11.542503,0.042321
fac_124,0.052008,4,5.933823,7.720319,0.074191
fac_125,0.079490,3,9.613280,7.276298,0.079143
fac_126,0.076018,4,9.451923,7.047124,0.068071
fac_127,0.041597,3,5.078007,9.324386,0.101201
fac_128,0.043482,1,6.013090,13.189318,0.016058
fac_129,0.047839,1,10.397912,7.292698,0.004568
fac_130,0.037622,3,3.835639,15.398197,0.009210
fac_131,0.086601,5,8.836799,6.498345,0.008905
fac_132,0.034082,7,7.379087,8.864096,0.003182
fac_133,0.043247,1,7.031322,11.099995,0.057699
fac_134,0.088046,3,9.237523,6.170219,0.016318
fac_135,0.030296,2,6.874997,8.341675,0.000000
fac_136,0.022917,3,9.217471,10.611956,0.012451
fac_137,0.027161,3,7.473258,5.979121,0.000000
fac_138,0.076754,1,5.353462,8.167132,0.145694
fac_139,0.045165,1,6.195691,11.588023,0.060157
fac_140,0.026506,4,8.125142,8.046174,0.013624
fac_141,0.218414,1,8.954317,4.470443,0.040066
fac_142,0.032204,1,7.444800,11.667667,0.010207
fac_143,0.021767,1,1.562333,19.353340,0.092020
fac_144,0.009338,2,6.376909,21.115816,0.034547
fac_145,0.023864,2,7.094854,12.879472,0.087160
fac_146,0.011463,1,5.794432,12.320045,0.000000
fac_147,0.095069,14,10.238291,4.998009,0.097270
fac_148,0.104978,2,10.107206,5.265477,0.014693
fac_149,0.097798,3,10.006230,4.981885,0.015625
fac_150,0.102532,1,9.335325,5.603614,0.006847
fac_151,0.053544,6,7.345605,7.436105,0.062096
fac_152,0.000000,0,-0.000000,249.937516,0.000000
fac_153,0.037216,1,5.602555,12.944502,0.041657
fac_154,0.019245,1,1.852714,27.110394,0.000000
fac_155,0.043812,6,9.261181,6.849796,0.052502
fac_156,0.036060,1,7.911405,7.564108,0.002657
fac_157,0.030218,1,2.066237,17.800231,0.090888
fac_158,0.059573,1,8.734081,9.029481,0.020161
fac_159,0.092044,10,10.522717,5.083850,0.005398
fac_160,0.096773,5,8.390947,6.937423,0.002255
fac_161,0.078406,4,5.529713,7.298915,0.140958
fac_162,0.099075,1,9.585084,4.670656,0.032474
fac_163,0.105582,6,6.708076,6.586250,0.050918
fac_164,0.031658,1,2.151056,13.315768,0.144790
fac_165,0.066448,6,9.596708,5.885134,0.037820
fac_166,0.085141,7,9.594595,5.634596,0.080202
fac_167,0.039804,1,8.511608,9.903108,0.006987
fac_168,0.025328,3,8.318466,10.880856,0.000000
fac_169,0.046285,2,5.289963,11.641466,0.063042
fac_170,0.013444,1,6.693776,17.420793,0.007700
fac_171,0.090750,4,7.903816,6.334909,0.002834
fac_172,0.010584,1,4.606582,21.098115,0.009494
fac_173,0.015982,1,6.273100,14.047311,0.000000
fac_174,0.043537,1,8.344688,9.322468,0.003209
fac_175,0.027997,1,6.144782,16.554026,0.066500
fac_176,0.018778,1,6.878104,11.848903,0.000058
fac_177,0.035565,1,6.541152,11.067334,0.117207
fac_178,0.133246,1,9.957012,4.886624,0.052906
fac_179,0.029154,5,4.782558,11.643215,0.031610
fac_180,0.048131,4,7.814665,8.134808,0.056286
fac_181,0.034330,1,5.750080,11.757181,0.095311
fac_182,0.053728,1,7.942435,8.542332,0.054596
fac_183,0.013152,1,5.993401,13.277015,0.000840
fac_184,0.047971,4,6.235672,9.545386,0.119713
fac_185,0.092327,4,9.129907,5.061415,0.005487
fac_186,0.067452,3,8.162907,7.021880,0.002376
fac_187,0.086126,5,9.548979,5.791685,0.018963
fac_188,0.018332,2,8.740089,14.891663,0.021365
fac_189,0.031233,9,6.797106,7.307778,0.071179
fac_190,0.048330,2,10.156238,8.837711,0.013358
fac_191,0.131614,1,9.307432,5.754102,0.003982
fac_192,0.041534,4,7.728200,6.980341,0.031510
fac_193,0.099922,2,8.767152,7.749791,0.005536
fac_194,0.036266,1,5.423485,9.835904,0.036428
fac_195,0.102718,2,8.391116,4.957091,0.019910
fac_196,0.062281,6,7.394315,8.191887,0.000171
fac_197,0.014950,1,2.951699,23.665726,0.036086
fac_198,0.027310,1,6.080210,11.960158,0.000350
fac_199,0.078745,3,8.387126,6.820307,0.022099
fac_200,0.012071,1,1.960018,12.989249,0.160273
fac_201,0.030000,2,8.184090,10.168320,0.057506
fac_202,0.075014,12,10.231585,5.980854,0.086482
fac_203,0.076255,4,10.862820,6.326938,0.064877
fac_204,0.028173,2,8.071787,11.533272,0.061153
fac_205,0.055213,3,5.972630,7.880821,0.190016
fac_206,0.017674,4,8.652527,10.840187,0.013482
fac_207,0.065332,3,10.805668,6.360579,0.039470
fac_208,0.026221,4,5.306492,11.314265,0.012543
fac_209,0.064649,4,11.696759,6.993137,0.022881
fac_210,0.016297,1,1.862783,26.588579,0.091462
fac_211,0.053389,6,8.032873,10.122077,0.033296
fac_212,0.053533,2,7.245465,10.146038,0.007800
fac_213,0.020947,1,7.632137,13.648772,0.004991
fac_214,0.103803,6,8.558072,5.711805,0.008814
fac_215,0.146034,2,10.242796,5.251939,0.004210
fac_216,0.024147,4,7.107660,13.971059,0.066406
fac_217,0.013877,2,6.591154,13.888066,0.002299
fac_218,0.030767,1,5.648764,10.781913,0.000808
fac_219,0.049482,1,7.249631,6.421893,0.000000
fac_220,0.002651,3,4.453605,21.060051,0.011996
fac_221,0.078974,11,8.742476,7.167787,0.082590
fac_222,0.056765,8,7.559077,8.373807,0.093758
fac_223,0.049453,7,8.735690,7.883600,0.034046
fac_224,0.046010,5,7.155065,7.590402,0.046171
fac_225,0.036620,2,5.723766,10.905958,0.079773
fac_226,0.031420,9,4.640391,12.226453,0.013651
fac_227,0.009074,1,8.891245,18.419553,0.000775
fac_228,0.028819,1,5.664666,13.898206,0.005668
fac_229,0.040815,7,7.246185,9.662956,0.025158
fac_230,0.036797,1,6.998992,9.736618,0.036102
fac_231,0.034990,2,7.596437,11.657703,0.008448
fac_232,0.121368,1,8.589711,6.479090,0.006718
fac_233,0.033923,3,8.567618,10.245393,0.009979
fac_234,0.045547,5,7.931705,10.023782,0.000790
fac_235,0.049960,6,9.533540,8.605410,0.045695
fac_236,0.060270,11,7.723896,5.426979,0.105571
fac_237,0.062606,1,7.469559,7.486169,0.062467
fac_238,0.101498,2,8.963295,5.207538,0.073865
fac_239,0.060600,2,8.015842,7.377122,0.023685
fac_240,0.055317,4,9.197706,7.477001,0.063706
fac_241,0.018957,4,5.370680,11.834245,0.070759
fac_242,0.060093,1,7.395181,7.269203,0.022500
fac_243,0.028986,5,3.791333,11.510553,0.059683
fac_244,0.014548,3,6.419566,9.774636,0.047928
fac_245,0.024702,4,6.469846,10.529508,0.064316
fac_246,0.047343,1,6.447284,6.144835,0.173901
fac_247,0.018522,1,4.649665,13.065895,0.009880
fac_248,0.019708,2,5.168584,15.582635,0.034916
fac_249,0.024374,1,3.678978,17.864544,0.347776
fac_250,0.027874,15,6.368578,10.951790,0.317411
fac_251,0.025264,1,6.236088,12.027095,0.000000
fac_252,0.016314,4,8.800874,14.952935,0.003015
fac_253,0.048010,7,8.922933,8.204756,0.003198
fac_254,0.020351,3,8.223987,15.779242,0.001126
fac_255,0.041628,3,7.769025,11.849240,0.001689
fac_256,0.021741,1,5.029548,18.865077,0.003124
fac_257,0.104433,1,8.074496,8.046520,0.000252
fac_258,0.025354,2,7.861079,12.481381,0.003807
fac_259,0.033065,1,7.102451,13.900637,0.048298
fac_260,0.037584,1,9.210888,7.031995,0.000751
fac_261,0.003568,0,0.274952,90.081434,0.010920
fac_262,0.045100,1,3.534645,10.543748,0.071452
fac_263,0.058040,1,8.148073,9.188789,0.025884
fac_264,0.024587,1,4.763238,16.173586,0.002137
fac_265,0.051485,1,9.668897,6.597452,0.033054
fac_266,0.061036,3,9.803457,6.318503,0.059845
fac_267,0.078851,9,10.434577,6.300721,0.077045
fac_268,0.084767,8,10.549222,5.064478,0.059715
fac_269,0.152161,3,9.240553,4.228401,0.020168
fac_270,0.064350,2,5.639174,9.604721,0.061082
fac_271,0.030714,8,6.254590,4.545857,0.008898
fac_272,0.025496,3,5.456028,12.166536,0.000280
fac_273,0.021618,13,7.617325,5.154370,0.104433
fac_274,0.041846,7,5.852193,10.165735,0.116444
fac_275,0.025358,1,8.760447,10.019208,0.044074
fac_276,0.019577,1,1.544335,22.218024,0.050570
fac_277,0.095576,1,9.208482,6.105614,0.010750
fac_278,0.099873,1,10.449680,6.242790,0.006147
fac_279,0.043898,2,10.230969,7.595930,0.026341
fac_280,0.055636,1,8.660892,8.428141,0.054023
fac_281,0.054375,1,9.195081,8.364584,0.060310
fac_282,0.051286,1,10.899197,7.847848,0.031216
fac_283,0.013345,4,1.476033,25.559105,0.147322
fac_284,0.124761,3,6.807170,4.892442,0.001380
fac_285,0.046162,3,7.868294,6.924552,0.133004
fac_286,0.071802,8,8.007241,7.253364,0.004894
fac_287,0.012216,1,3.369391,11.572087,0.032711
fac_288,0.170656,1,8.153904,3.964814,0.011846
fac_289,0.022563,2,5.173863,3.679081,0.004347
fac_290,0.057960,1,8.261102,8.822569,0.046685
fac_291,0.049926,6,7.311755,2.364390,0.024271
fac_292,0.068989,6,7.668366,8.177016,0.074577
fac_293,0.072125,4,4.789903,9.302326,0.077878
fac_294,0.055334,9,8.472018,8.126340,0.043922
fac_295,0.054354,4,7.810669,6.607487,0.033040
fac_296,0.036175,1,6.924163,11.662578,0.064411
fac_297,0.055110,1,9.716279,8.105723,0.039414
fac_298,0.040678,1,8.743494,9.869866,0.013532
fac_299,0.027690,3,8.134890,10.783423,0.022881
fac_300,0.085130,1,8.507959,7.454083,0.000770
fac_301,0.029140,2,7.644536,11.454089,0.003264
fac_302,0.074232,2,7.534141,9.186088,0.001934
fac_303,0.033217,1,8.547255,7.682931,0.007426
fac_304,0.022676,2,6.264722,10.614546,0.000000
fac_305,0.033185,1,7.545213,11.237091,0.030731
fac_306,0.010405,2,4.569128,22.302345,0.017735
fac_307,0.005283,3,8.633469,15.097052,0.000000
fac_308,0.016043,2,7.289447,13.361422,0.009160
fac_309,0.059461,2,8.149008,9.596534,0.000924
fac_310,0.240353,1,8.199176,4.611968,0.003189
fac_311,0.037926,2,6.446850,8.286447,0.009712
fac_312,0.158287,5,9.948620,4.286536,0.010908
fac_313,0.084460,4,8.784851,6.146745,0.003566
fac_314,0.059844,1,9.396292,7.712915,0.002823
fac_315,0.029824,1,6.130505,14.931316,0.031688
fac_316,0.031256,4,7.601276,11.066003,0.038583
fac_317,0.028019,2,5.306854,12.667428,0.066205
fac_318,0.033301,1,5.175148,12.890552,0.081504
fac_319,0.037185,1,7.580429,7.909990,0.057734
fac_320,0.035219,3,7.045372,8.966222,0.062287
fac_321,0.019790,1,4.756958,16.490221,0.032377
fac_322,0.104750,6,9.991125,5.265449,0.033302
fac_323,0.093632,5,10.940096,5.515330,0.040966
fac_324,0.040475,4,9.342092,8.522940,0.012895
fac_325,0.073473,1,10.451104,6.529018,0.082532
fac_326,0.037173,1,7.226207,10.399118,0.044658
fac_327,0.083002,6,7.532420,7.605658,0.050487
fac_328,0.054261,1,5.462973,9.815899,0.000765
fac_329,0.039044,11,10.257608,7.164396,0.049798
fac_330,0.049744,2,10.041325,7.679401,0.068869
fac_331,0.040970,1,4.905822,12.525301,0.017784
fac_332,0.070786,1,8.923014,5.900601,0.052966
fac_333,0.025430,10,4.117252,6.190070,0.139162
fac_334,0.063389,2,9.210813,6.325409,0.006416
fac_335,0.042903,10,7.445135,9.394188,0.072550
fac_336,0.035935,10,4.449380,14.471724,0.107776
fac_337,0.084880,3,7.612418,7.239109,0.002815
fac_338,0.033229,6,7.687103,12.910475,0.052810
fac_339,0.019740,2,2.215770,19.593244,0.114911
fac_340,0.118963,1,8.791010,6.102143,0.004254
fac_341,0.050305,2,9.123733,6.696118,0.001034
fac_342,0.033341,1,2.629335,5.148877,0.020681
fac_343,0.011569,1,6.489859,15.716940,0.000000
fac_344,0.039787,5,8.020977,9.698018,0.020576
fac_345,0.042224,6,7.934945,8.158692,0.079878
fac_346,0.032898,2,7.298149,13.151651,0.002729
fac_347,0.032875,1,3.128719,11.583728,0.000000
fac_348,0.033123,3,7.288329,9.382304,0.000573
fac_349,0.079526,2,9.841391,5.914949,0.000000
fac_350,0.050937,1,8.916728,6.749036,0.000947
fac_351,0.091859,4,7.100583,6.324146,0.007958
fac_352,0.055888,1,3.228753,11.956812,0.061394
fac_353,0.014842,3,2.587802,30.076941,0.054224
fac_354,0.033989,1,6.796722,13.289343,0.064037
fac_355,0.073654,11,8.506333,7.743550,0.083147
fac_356,0.015766,1,0.843044,32.959789,0.052899
fac_357,0.072615,9,6.911435,6.806524,0.101672
fac_358,0.026788,1,5.480211,14.118976,0.000000
fac_359,0.020264,1,4.058092,17.913357,0.085918
fac_360,0.050057,1,5.100163,10.275310,0.056947
fac_361,0.022412,2,8.204930,10.992564,0.015784
fac_362,0.215454,2,9.712286,3.953950,0.006813
fac_363,0.038291,2,6.836958,9.909914,0.015147
fac_364,0.026145,1,7.724246,11.812544,0.000190
fac_365,0.029981,1,2.998841,16.154823,0.235419
fac_366,0.122748,1,10.172028,5.029464,0.006496
fac_367,0.051947,1,8.666746,8.404138,0.014289
fac_368,0.016945,7,3.068793,18.545859,0.000249
fac_369,0.035051,3,6.556983,8.453609,0.000000
fac_370,0.038525,1,7.127087,6.951154,0.009521
fac_371,0.039014,7,7.193686,8.499956,0.029158
fac_372,0.067114,1,9.359103,5.364625,0.017061
fac_373,0.028926,1,6.657356,12.587965,0.001259
fac_374,0.066977,3,7.980712,7.777506,0.000231
fac_375,0.026872,3,6.953696,13.957531,0.002242
fac_376,0.026953,3,2.967309,14.111604,0.042608
fac_377,0.074751,5,7.006293,7.607102,0.023290
fac_378,0.112975,3,7.316091,5.874926,0.004337
fac_379,0.033048,1,7.660277,9.103350,0.008687
fac_380,0.042410,4,9.680729,8.563110,0.006956
fac_381,0.037834,1,7.699285,10.287396,0.073499
fac_382,0.140709,1,8.509082,5.780685,0.028958
fac_383,0.048281,1,7.251707,6.550928,0.023821
fac_384,0.026645,4,6.622760,9.312143,0.012093
fac_385,0.028000,1,1.367096,19.416671,0.101617
fac_386,0.046016,2,9.092361,7.460623,0.058052
fac_387,0.053480,2,9.895538,8.424884,0.046564
fac_388,0.052764,4,8.098109,8.236876,0.002810
fac_389,0.077055,1,8.112205,6.905403,0.011678
fac_390,0.055590,1,10.138887,7.095453,0.007448
fac_391,0.038124,1,10.515008,8.675956,0.084142
fac_392,0.049339,1,5.115123,10.469700,0.101673
fac_393,0.078515,1,8.599153,7.600201,0.048435
fac_394,0.041402,1,3.215105,13.724889,0.082836
fac_395,0.066258,5,8.636013,9.169785,0.001557
fac_396,0.062975,2,8.106925,7.521794,0.010549
fac_397,0.030037,1,6.913291,10.425311,0.085104
fac_398,0.015894,1,6.891826,11.951163,0.032500
fac_399,0.030674,9,8.492577,9.163148,0.111761
fac_400,0.061988,1,5.254049,10.771413,0.086380
fac_401,0.040446,7,6.563480,10.223799,0.094521
fac_402,0.013971,1,3.439007,23.235352,0.051570
fac_403,0.052979,5,8.644521,5.724918,0.071170
fac_404,0.121313,1,9.722984,5.370477,0.014687
fac_405,0.069085,2,5.586498,6.268869,0.085573
fac_406,0.033661,1,4.201194,11.808048,0.085754
fac_407,0.029717,2,6.197402,11.610356,0.029371
fac_408,0.028088,2,9.589509,10.580182,0.040940
fac_409,0.038338,6,6.664416,7.560100,0.060448
fac_410,0.039906,11,9.082849,9.428270,0.082968
fac_411,0.038564,4,10.210800,8.522534,0.069723
fac_412,0.025062,7,4.971355,15.483741,0.059881
fac_413,0.084454,4,7.311942,6.600892,0.101187
fac_414,0.023183,4,8.251760,11.372671,0.002294
fac_415,0.059620,1,5.839492,7.775103,0.172193
fac_416,0.004179,1,0.316304,83.738067,0.021589
fac_417,0.025352,3,5.633807,8.526348,0.098662
fac_418,0.053733,5,6.258378,9.453110,0.053975
fac_419,0.020319,3,6.609726,9.866573,0.059972
fac_420,0.069863,3,5.943729,8.816239,0.069203
fac_421,0.087077,4,9.744401,4.635357,0.109813
fac_422,0.126990,1,9.268984,5.101299,0.044237
fac_423,0.046159,2,8.188099,7.991798,0.038346
fac_424,0.050141,2,9.885628,9.099709,0.003566
fac_425,0.076544,3,8.293593,6.219447,0.070312
fac_426,0.020696,2,8.104933,8.578741,0.001564
fac_427,0.015128,1,5.876343,16.874637,0.000000
fac_428,0.059514,1,7.299845,7.873396,0.048311
fac_429,0.079146,1,10.199818,6.926802,0.015224
fac_430,0.066581,2,9.125868,7.303873,0.004050
fac_431,0.016334,1,5.517602,20.041901,0.016138
fac_432,0.014511,3,5.510415,14.030230,0.000000
fac_433,0.020562,5,8.230549,10.919923,0.000000
fac_434,0.027591,1,6.721626,13.612307,0.002981
fac_435,0.055482,2,7.622875,8.674532,0.003839
fac_437,0.065913,2,7.082528,10.806294,0.053731
fac_439,0.008052,1,6.692271,3.252289,0.000000
fac_440,0.044527,1,6.001800,11.447061,0.028077
fac_441,0.051578,2,7.504582,8.599142,0.023858
fac_442,0.063141,1,6.088672,8.222895,0.054767
fac_443,0.042728,2,7.897902,10.100738,0.116173
fac_444,0.053564,3,9.591111,9.183404,0.005591
fac_445,0.038279,1,5.396744,12.280949,0.002870
fac_446,0.029239,4,8.608746,11.362879,0.000000
fac_447,0.042820,4,8.780510,8.417225,0.042239
fac_448,0.102270,3,10.979751,5.494611,0.015654
fac_449,0.010876,3,4.321444,14.215786,0.006181
fac_450,0.028709,1,8.029032,9.165147,0.008850
fac_451,0.068522,2,9.095773,5.681637,0.000570
fac_452,0.049040,1,8.079114,7.573677,0.013526
fac_453,0.012627,1,7.874870,10.912384,0.000275
fac_454,0.018790,2,8.434338,14.469937,0.003282
fac_455,0.023874,8,8.235918,10.292072,0.025854
fac_456,0.026021,2,7.770869,9.708126,0.003184
fac_457,0.035492,2,6.885358,10.021184,0.000798
fac_458,0.042694,2,8.540716,7.801717,0.012141
fac_459,0.037073,13,6.402849,10.262164,0.126283
fac_460,0.059509,7,7.424217,7.568424,0.067161
fac_461,0.091245,5,9.695498,5.396072,0.111519
fac_462,0.040931,3,9.856936,8.020104,0.182171
fac_463,0.083636,1,9.145472,6.623867,0.040818
fac_464,0.043109,1,8.289189,8.488609,0.004561
fac_465,0.057665,1,8.224969,7.156352,0.007582
fac_466,0.021561,1,5.486017,17.007711,0.000000
fac_467,0.025174,5,9.452943,8.945061,0.000417
fac_468,0.021669,5,8.460819,10.884614,0.001627
fac_469,0.065086,5,8.360899,9.380018,0.003727
fac_470,0.009093,1,7.062555,15.334099,0.000000
fac_471,0.034450,1,7.832020,11.082666,0.023609
fac_472,0.063429,12,8.093600,7.263026,0.010561
fac_473,0.073944,1,8.266013,6.610129,0.046342
fac_474,0.036558,13,7.381196,10.040380,0.139939
fac_475,0.038330,5,7.363960,9.950175,0.050846
fac_476,0.067929,4,5.513688,11.847578,0.116679
fac_477,0.075104,1,5.955468,8.108283,0.107342
fac_478,0.013962,4,7.048946,11.588990,0.000000
fac_479,0.257823,1,8.406539,4.602238,0.031114
fac_480,0.013565,1,6.715829,6.546959,0.000000
fac_481,0.047262,1,8.150510,6.518180,0.011109
fac_482,0.017016,1,8.193369,10.805577,0.022853
fac_483,0.086231,1,6.622192,7.495892,0.000842
fac_484,0.010383,1,6.507964,15.818246,0.000324
fac_485,0.014047,4,8.505230,9.420288,0.000967
fac_486,0.053922,1,9.282328,8.553305,0.027402
fac_487,0.080878,6,10.152516,6.262922,0.018675
fac_488,0.033854,1,4.238492,13.086379,0.120319
fac_489,0.057866,5,6.874129,11.476357,0.043269
fac_490,0.029071,2,6.228123,12.576823,0.042577
fac_491,0.031380,1,5.759594,13.618165,0.041086
fac_492,0.080286,8,8.276994,4.854943,0.008177
ins_001,0.006777,1,7.108831,4.320239,0.000090
ins_002,0.042258,2,8.452907,2.186630,0.020349
ins_003,0.013078,3,8.360193,3.380694,0.003173
ins_004,0.053552,10,9.072556,3.402361,0.047030
ins_005,0.034358,5,8.252721,3.695007,0.019289
ins_006,0.072334,1,2.158586,5.711338,0.006603
ins_007,0.072066,1,5.181255,3.534551,0.006545
ins_008,0.019225,1,6.620916,3.933591,0.039025
ins_009,0.017923,3,5.620233,5.297227,0.026894
ins_010,0.066533,1,10.929680,1.836758,0.033075
ins_011,0.016793,2,7.149814,2.285235,0.006685
ins_012,0.074381,2,7.675161,2.163218,0.000000
ins_013,0.024317,6,9.012745,3.833287,0.101488
ins_014,0.027214,5,7.933287,4.087688,0.049846
ins_015,0.019043,2,7.757594,4.315492,0.000000
ins_016,0.166845,1,5.167976,1.591996,0.015306
ins_017,0.047166,4,7.859877,2.418565,0.037931
ins_018,0.015454,2,5.768400,3.613096,0.012462
ins_019,0.030055,4,7.255282,3.752007,0.000386
ins_020,0.040627,2,8.026714,3.638618,0.026428
ins_021,0.009206,6,5.188413,5.563551,0.061982
ins_022,0.008093,1,1.293069,21.211247,0.163402
ins_023,0.005709,3,2.323358,11.387274,0.000000
ins_024,0.051858,3,10.016753,2.521595,0.041045
ins_025,0.062753,2,8.034538,2.749876,0.031954
ins_026,0.026481,5,5.132892,6.406551,0.000989
ins_027,0.008187,4,6.833188,9.004067,0.024042
ins_028,0.034579,4,7.235150,3.507412,0.003514
ins_029,0.002482,1,0.919632,63.601364,0.000000
ins_030,0.026602,14,9.452934,2.597775,0.000000
ins_031,0.009982,1,3.239430,9.757138,0.000000
ins_032,0.007548,2,2.202094,14.739842,0.017485
ins_033,0.010494,1,4.792705,8.866805,0.000000
ins_034,0.027614,11,0.977571,11.746372,0.289236
ins_035,0.017500,6,7.365884,2.758943,0.025123
ins_036,0.037698,1,6.089550,3.035457,0.001774
ins_037,0.035706,1,7.895656,3.474768,0.002081
ins_038,0.016690,1,1.871596,8.937202,0.013168
ins_039,0.057006,1,9.178028,2.539675,0.047775
ins_040,0.003361,4,0.477637,43.500957,0.083292
ins_041,0.005338,1,1.461018,10.827948,0.037186
ins_042,0.002790,1,4.032500,27.325988,0.000000
ins_043,0.005208,1,0.518039,35.415447,0.005538
ins_044,0.016630,1,8.698253,3.680233,0.030146
ins_045,0.011959,1,6.641486,8.574143,0.001548
ins_046,0.025639,2,7.844482,3.674599,0.012226
ins_047,0.007522,1,5.606154,9.994959,0.000000
ins_048,0.038002,1,9.011999,3.382730,0.029688
ins_049,0.019348,6,3.979286,7.663903,0.061935
ins_050,0.007863,1,3.861433,10.725144,0.000000
ins_051,0.020006,7,8.930209,4.653687,0.052851
ins_052,0.018026,3,8.377810,5.396263,0.005985
ins_053,0.020533,1,2.129564,9.545385,0.046170
ins_054,0.038109,1,5.369341,5.076499,0.037167
ins_055,0.072037,1,9.367794,2.197690,0.004674
ins_056,0.018217,3,8.766123,3.500016,0.003066
ins_057,0.060376,2,5.611110,2.892397,0.031300
ins_058,0.015670,1,1.434181,12.652302,0.000000
ins_059,0.023494,2,5.635482,4.313245,0.118883
ins_060,0.060520,6,8.571513,2.527660,0.046797
ins_061,0.105884,1,8.464110,2.356582,0.059204
ins_062,0.018299,1,6.328125,4.571197,0.117887
ins_063,0.021137,13,3.170088,9.038301,0.219284
ins_064,0.243600,4,7.527662,1.307301,0.041330
ins_065,0.017474,8,8.033903,3.595912,0.007344
ins_066,0.012211,2,5.322207,6.112594,0.000000
ins_067,0.013372,1,2.873583,11.020595,0.052876
ins_068,0.018928,2,3.729035,8.210787,0.004410
ins_069,0.007371,1,4.177276,10.125174,0.001952
ins_070,0.010508,4,3.571028,8.401648,0.407180
ins_071,0.028894,1,5.457216,6.615199,0.086290
ins_072,0.050074,3,6.101017,3.744088,0.087730
ins_073,0.038506,3,4.447272,4.645148,0.258767
ins_074,0.014684,9,8.414530,4.325999,0.076918
ins_075,0.028263,6,9.076512,2.412863,0.021639
ins_076,0.044386,5,8.616576,2.349948,0.041838
ins_077,0.000000,1,-0.000000,575.484366,0.000000
ins_078,0.021948,1,3.992812,5.807448,0.013037
ins_079,0.031024,1,9.188120,3.039646,0.000000
ins_080,0.008880,3,4.320052,12.215957,0.142638
ins_081,0.007088,1,4.628337,11.455054,0.022095
ins_082,0.074643,5,8.466085,3.259253,0.006393
ins_083,0.004029,1,0.258981,48.341095,0.008400
ins_084,0.017226,4,4.352399,4.029935,0.000000
ins_085,0.004456,2,7.566468,4.609654,0.000000
ins_086,0.094468,5,7.285392,2.310246,0.013554
ins_087,0.042497,2,7.920825,3.299648,0.024229
ins_088,0.047392,1,4.023008,3.763463,0.134211
ins_089,0.233866,1,3.933533,4.496531,0.088036
ins_090,0.030989,3,7.923975,2.548930,0.057496
ins_091,0.075958,4,6.549865,3.142679,0.058971
ins_092,0.023812,3,4.887773,7.156762,0.000000
ins_093,0.004820,1,7.803450,7.556107,0.000000
ins_094,0.010636,5,8.453754,6.454915,0.026712
ins_095,0.007105,2,7.999615,4.935653,0.047642
ins_096,0.086099,1,9.559046,2.023909,0.013569
ins_097,0.086573,7,8.345152,2.206384,0.040629
ins_098,0.159803,1,9.151482,1.602806,0.038878
ins_099,0.108980,3,9.794542,1.820120,0.038042
ins_100,0.006916,6,9.367483,5.998898,0.008456
ins_101,0.049746,2,5.707489,3.779991,0.010026
ins_102,0.045179,1,2.631041,4.266318,0.073398
ins_103,0.016466,8,9.265974,4.103521,0.000000
ins_104,0.110831,2,5.803704,1.944315,0.204508
ins_105,0.024525,2,5.558232,4.703103,0.026708
ins_106,0.035888,3,7.988268,3.671447,0.013060
ins_107,0.028538,7,1.396639,9.446272,0.249687
ins_108,0.013724,6,8.703841,4.104302,0.099296
ins_109,0.018523,8,9.204051,4.213767,0.095576
ins_110,0.017694,4,8.297292,4.745927,0.052145
ins_111,0.004761,1,0.833979,27.174623,0.000000
ins_112,0.003798,1,0.230067,46.730021,0.006005
ins_113,0.008818,1,1.083340,13.636922,0.061539
ins_114,0.008745,1,1.193279,13.021828,0.017147
ins_115,0.033857,5,2.878015,3.067099,0.036957
ins_116,0.013230,6,3.182712,8.101275,0.178455
ins_117,0.026358,2,4.655174,5.429117,0.004661
ins_118,0.027370,3,6.746119,3.886771,0.006404
ins_119,0.013671,1,7.153471,8.191583,0.000000
ins_120,0.016826,1,7.802040,2.828108,0.000000
ins_121,0.021189,3,6.834868,4.886125,0.020700
ins_122,0.010870,7,8.870696,6.537946,0.049930
ins_123,0.000000,3,3.449727,42.154177,0.000000
ins_124,0.015098,6,9.335345,3.724408,0.013948
ins_125,0.003980,2,3.083340,10.819212,0.000000
ins_126,0.045239,6,7.362557,2.463938,0.022766
ins_127,0.004930,1,7.311567,5.670863,0.000000
ins_128,0.053425,3,7.231713,2.498190,0.006585
ins_129,0.007928,6,7.586166,6.820391,0.002136
ins_130,0.029058,1,9.370925,1.909763,0.005908
ins_131,0.072534,2,8.456850,2.226083,0.000792
ins_132,0.016865,6,9.180744,3.729378,0.025288
ins_133,0.158008,1,7.181437,1.908615,0.007402
ins_134,0.028497,1,6.063865,2.254716,0.008566
ins_135,0.018763,2,6.643321,4.128937,0.000000
ins_136,0.086054,6,8.093083,2.192562,0.004144
ins_137,0.034794,1,7.590976,2.753179,0.000000
ins_138,0.025898,3,6.207361,2.537218,0.009013
ins_139,0.011619,5,7.556416,4.811387,0.019120
ins_140,0.002702,4,7.610573,4.678307,0.000000
ins_141,0.008334,2,6.618996,7.170280,0.000000
ins_142,0.005981,1,6.742477,6.198562,0.000528
ins_143,0.014751,3,7.937617,5.236358,0.000472
ins_144,0.008223,1,6.584056,6.622154,0.016319
ins_145,0.004786,1,4.201379,23.521357,0.009059
ins_146,0.020666,1,5.732017,7.575617,0.000000
ins_147,0.047641,1,7.892896,3.286427,0.018587
ins_148,0.012605,1,0.712816,20.526324,0.024689
ins_149,0.022155,7,8.472780,4.068442,0.038742
ins_150,0.052938,6,9.714956,2.459968,0.018262
ins_151,0.060226,2,10.755940,2.496439,0.008020
ins_152,0.022873,5,8.000964,4.829045,0.047254
ins_153,0.047458,4,8.803038,2.334616,0.048127
ins_154,0.026858,4,7.822657,3.220936,0.011747
ins_155,0.014818,5,9.584922,2.697592,0.014493
ins_156,0.023269,3,8.315587,4.509353,0.005308
ins_157,0.021513,1,7.049174,3.390867,0.000269
ins_158,0.048181,8,9.341352,1.784081,0.008465
ins_159,0.026376,7,6.961270,3.675844,0.062271
ins_160,0.005251,2,6.992737,13.621086,0.023761
ins_161,0.063078,10,7.094507,2.301026,0.100236
ins_162,0.019366,10,8.955995,3.898923,0.166863
ins_163,0.028358,3,1.395270,9.621700,0.026468
ins_164,0.017739,1,9.718605,3.140029,0.028575
ins_165,0.006715,2,6.183448,10.211361,0.001735
ins_166,0.038785,4,9.026540,3.699819,0.000396
ins_167,0.035488,1,9.481606,3.643769,0.020438
ins_168,0.016318,5,7.243303,5.284216,0.023931
ins_169,0.026584,2,8.959687,3.359826,0.004606
ins_170,0.014955,1,6.158616,2.999731,0.006741
ins_171,0.002748,6,5.471444,7.416388,0.011437
ins_172,0.005112,3,5.843278,9.557650,0.011896
ins_173,0.000070,1,4.790152,8.660286,0.000000
ins_174,0.023316,4,8.225176,3.068182,0.020614
ins_175,0.015454,5,8.928869,3.363226,0.019289
ins_176,0.017720,2,9.531391,2.944711,0.000000
ins_177,0.078369,6,8.325154,2.386896,0.033198
ins_178,0.001749,2,7.533821,10.724152,0.000000
ins_179,0.014236,10,7.685805,4.971234,0.008182
ins_180,0.153600,4,9.952442,1.895211,0.001613
ins_181,0.068510,2,9.604549,1.934444,0.014926
ins_182,0.071383,3,10.509830,2.722493,0.007299
ins_183,0.044762,3,8.146559,3.079334,0.002551
ins_184,0.020265,4,7.470759,3.788979,0.021071
ins_185,0.020860,9,7.189439,2.730909,0.153034
ins_186,0.008523,5,7.179148,4.865662,0.000000
ins_187,0.001113,1,7.921980,5.904497,0.000379
ins_188,0.025499,1,8.528355,4.032813,0.003534
ins_189,0.057445,3,10.981099,2.795274,0.008454
ins_190,0.120095,1,8.828676,2.146732,0.013576
ins_191,0.046661,1,8.375461,2.635332,0.006815
ins_192,0.000779,9,8.972629,4.966596,0.014206
ins_193,0.021322,2,8.574220,4.828749,0.013515
ins_194,0.020173,4,7.051596,5.954624,0.002366
ins_195,0.015792,1,6.370333,6.647567,0.000000
ins_196,0.006066,5,5.703078,6.545988,0.006072
ins_197,0.014962,6,8.496671,4.036530,0.000000
ins_198,0.012118,4,6.760022,6.282567,0.027469
ins_199,0.020903,2,8.699740,3.985730,0.012793
ins_200,0.066346,1,7.457332,2.810008,0.009479
ins_201,0.018665,2,2.203465,7.742684,0.080694
ins_202,0.042867,5,7.326471,3.167057,0.000923
ins_203,0.007118,1,4.786432,16.221126,0.005598
ins_204,0.006993,1,2.072488,13.054376,0.020007
ins_205,0.007287,1,5.351991,14.073935,0.005747
ins_206,0.038314,1,8.162043,4.050765,0.057921
ins_207,0.047649,1,8.412321,4.031749,0.009252
ins_208,0.037663,1,8.848426,2.523589,0.003086
ins_209,0.033887,1,8.433045,3.308623,0.002586
ins_210,0.035941,3,8.278408,2.759377,0.036829
ins_211,0.080745,2,9.401425,2.740608,0.003136
ins_212,0.047833,3,8.850563,2.669273,0.019650
ins_213,0.037428,2,7.639784,3.140111,0.017919
ins_214,0.040677,2,10.032286,3.487886,0.018188
ins_215,0.016390,1,8.068801,5.642134,0.000000
ins_216,0.024015,2,11.756579,2.996419,0.015553
ins_217,0.086004,4,9.806365,1.966554,0.000198
ins_218,0.034825,4,8.714646,3.513085,0.032817
ins_219,0.037571,3,7.974776,2.514983,0.165723
ins_220,0.074894,1,10.133263,2.217949,0.008333
ins_221,0.056765,1,5.080448,3.327554,0.005509
ins_222,0.045948,3,3.896434,3.732945,0.000000
ins_223,0.011478,1,2.531524,9.500815,0.000000
ins_224,0.033287,3,7.572410,5.090188,0.118696
ins_225,0.044600,4,5.942640,4.212935,0.079649
ins_226,0.017423,1,7.226604,3.422333,0.089718
ins_227,0.053046,4,8.188953,3.278081,0.072623
ins_228,0.009886,3,10.012126,4.121319,0.013918
ins_229,0.052819,4,7.692238,3.106649,0.152955
ins_230,0.130204,2,10.937591,2.023873,0.011857
ins_231,0.062508,6,8.059758,1.776873,0.022828
ins_232,0.068759,9,6.862996,1.965305,0.008573
ins_233,0.070741,1,9.196618,1.595168,0.001887
ins_234,0.040248,1,8.741745,2.044727,0.009926
ins_235,0.003454,3,0.348373,66.141066,0.174851
ins_236,0.034090,1,3.994880,4.442033,0.037251
ins_237,0.043391,7,7.312394,2.806344,0.011512
ins_238,0.019508,1,4.228775,6.825640,0.025438
ins_239,0.018830,3,2.473049,7.797166,0.005110
ins_240,0.023990,1,3.810485,5.507570,0.000000
ins_241,0.021884,1,5.890127,3.138952,0.000476
ins_242,0.008648,2,7.344587,4.961176,0.072241
ins_243,0.015698,1,3.718351,7.560275,0.013620
ins_244,0.028448,1,7.156349,5.141670,0.004665
ins_245,0.036192,4,7.796385,2.993211,0.003977
ins_246,0.036906,1,10.230260,2.198216,0.024622
ins_247,0.020258,5,10.206435,3.418133,0.025755
ins_248,0.025283,1,9.598257,4.025454,0.023545
ins_249,0.020731,3,9.239250,4.253141,0.008461
ins_250,0.029775,3,7.675898,4.314344,0.013486
ins_251,0.016990,1,8.515749,3.875176,0.002037
ins_252,0.021761,1,9.340511,4.225151,0.059704
ins_253,0.022957,1,8.654445,4.014387,0.004783
ins_254,0.028811,1,8.812579,4.356883,0.005721
ins_255,0.031849,1,4.989125,5.566403,0.095237
ins_256,0.020614,1,3.650174,5.358945,0.263160
ins_257,0.024810,1,5.834970,2.455553,0.000000
ins_258,0.043050,1,8.686696,2.559103,0.005665
ins_259,0.016875,2,8.756764,4.238201,0.022421
ins_260,0.019917,1,3.677991,7.410908,0.042336
ins_261,0.017861,5,8.399425,4.514883,0.007222
ins_262,0.030453,3,6.598505,4.096755,0.053630
ins_263,0.014960,1,4.553122,7.473383,0.026560
ins_264,0.011761,1,3.260417,10.871448,0.027582
ins_265,0.006283,8,6.120759,4.209098,0.004408
ins_266,0.027624,4,9.609980,3.716606,0.016125
ins_267,0.008648,1,8.035333,5.256804,0.000000
ins_268,0.126762,2,12.628611,1.874633,0.013936
ins_269,0.040276,2,8.209224,4.023571,0.011370
ins_270,0.023371,1,9.267200,4.445041,0.100227
ins_271,0.062192,1,7.066783,3.445747,0.024107
ins_272,0.027603,3,8.884060,4.356142,0.007004
ins_273,0.070441,2,8.602750,2.861589,0.021523
ins_274,0.019043,3,9.626445,3.351179,0.012817
ins_275,0.028705,4,8.933909,3.650263,0.013985
ins_276,0.057674,3,10.135402,2.450612,0.018096
ins_277,0.059702,3,10.389384,2.641405,0.075786
ins_278,0.059525,1,5.015879,3.524583,0.034273
ins_279,0.045381,1,4.199216,5.202959,0.187040
ins_280,0.012852,4,3.883702,12.367258,0.250514
ins_281,0.036364,1,8.401778,2.484705,0.008320
ins_282,0.008543,1,5.562411,6.484249,0.000000
ins_283,0.018003,1,7.271613,4.471254,0.004686
ins_284,0.049374,2,8.326803,2.001053,0.009930
ins_285,0.058274,1,5.957703,2.461255,0.037301
ins_286,0.060189,2,8.097424,2.581874,0.017281
ins_287,0.020124,2,6.719088,2.163364,0.001693
ins_288,0.064919,1,8.107526,2.119020,0.026489
ins_289,0.022404,6,9.743965,3.286519,0.041112
ins_290,0.016396,9,10.007889,3.723274,0.090634
ins_291,0.019465,14,7.126305,5.120132,0.005557
ins_292,0.012381,4,10.917491,3.940187,0.000000
ins_293,0.098209,1,2.139115,3.448140,0.614166
ins_294,0.000661,1,4.401375,8.416790,0.000000
ins_295,0.066526,2,9.532382,2.117820,0.023742
ins_296,0.018950,3,8.652967,2.182424,0.004090
ins_297,0.010299,1,5.221461,11.315938,0.021920
ins_298,0.035438,3,9.211287,3.544407,0.015347
ins_299,0.051617,1,9.368898,2.488029,0.000262
ins_300,0.033182,3,7.156053,3.344801,0.035414
ins_301,0.026288,6,9.442127,4.465446,0.002872
ins_302,0.008233,4,6.847641,8.712611,0.000594
ins_303,0.029801,3,8.128778,4.320431,0.004328
ins_304,0.016309,1,0.808053,13.308314,0.045691
ins_305,0.006677,1,0.417115,31.668285,0.000000
ins_306,0.012236,1,4.296706,6.397844,0.007448
ins_307,0.017008,1,2.046161,19.875711,0.010011
ins_308,0.011285,1,5.119692,7.027209,0.035140
ins_309,0.050270,1,7.004722,4.301192,0.000130
ins_310,0.015994,4,4.192501,11.330075,0.032798
ins_311,0.017729,1,3.827469,10.416992,0.006149
ins_312,0.022394,1,4.155292,6.165190,0.001411
ins_313,0.171040,2,5.065287,1.568195,0.098309
ins_314,0.027825,2,4.388963,4.467670,0.058730
ins_315,0.015334,2,7.385070,4.657358,0.064098
ins_316,0.054888,2,6.037286,3.436288,0.000000
ins_317,0.020113,7,5.238695,5.784961,0.020933
ins_318,0.003830,1,4.071605,13.963278,0.000000
ins_319,0.010979,1,7.450099,7.558228,0.001629
ins_320,0.007178,1,3.551911,16.454946,0.003974
ins_321,0.020245,2,5.448889,4.471467,0.006489
ins_322,0.019400,6,2.609322,8.529609,0.184067
ins_323,0.025576,1,5.204453,5.697815,0.000000
ins_324,0.014714,1,6.358119,7.349659,0.084939
ins_325,0.028550,1,7.599031,5.302759,0.005674
ins_326,0.060476,13,7.366774,2.760111,0.028016
ins_327,0.001007,2,7.346196,6.179522,0.005708
ins_328,0.008030,1,1.716231,12.019847,0.000000
ins_329,0.010572,1,7.364773,8.337206,0.022828
ins_330,0.009471,3,8.705000,5.687333,0.000000
ins_331,0.009076,2,5.742885,7.534941,0.000000
ins_332,0.026693,2,8.831402,2.724390,0.168654
ins_333,0.011955,3,8.271079,6.709769,0.018190
ins_334,0.026139,1,3.901692,6.165897,0.025763
ins_335,0.024134,2,4.040667,5.480781,0.005794
ins_336,0.010775,1,8.712038,4.995640,0.054623
ins_337,0.009245,1,3.032416,11.951525,0.000000
ins_338,0.065717,1,6.161138,2.705215,0.028598
ins_339,0.022321,2,4.309318,8.038913,0.043520
ins_340,0.030088,7,5.566156,3.323632,0.000000
ins_341,0.020697,1,7.851238,5.530772,0.009099
ins_342,0.018386,3,8.615268,5.573856,0.023054
ins_343,0.016646,1,4.983588,1.785628,0.021900
ins_344,0.021522,7,2.439847,8.109300,0.099471
ins_345,0.108848,1,9.857079,2.244450,0.039362
ins_346,0.030516,4,8.652334,2.074931,0.032463
ins_347,0.016138,1,4.551047,8.684918,0.035651
ins_348,0.011448,2,3.136786,14.162290,0.000000
ins_349,0.017143,6,8.521351,4.439558,0.032179
ins_350,0.015014,2,0.628111,19.042913,0.112049
ins_351,0.059114,12,7.598542,2.452112,0.085897
ins_352,0.067982,2,4.113877,3.106861,0.075340
ins_353,0.012919,4,7.245829,5.636304,0.005722
ins_354,0.065649,2,7.670286,4.962379,0.009270
ins_355,0.109983,9,8.341466,1.921882,0.038866
ins_356,0.099948,1,7.315046,2.195828,0.017368
ins_357,0.085722,8,6.359272,2.653149,0.022978
ins_358,0.100242,2,6.007940,1.840019,0.003411
ins_359,0.124962,1,5.522428,1.711649,0.007311
ins_360,0.038276,15,5.323877,5.843087,0.123334
ins_361,0.049794,1,3.538268,2.934233,0.006148
ins_362,0.020846,1,4.081565,3.324353,0.003376
ins_363,0.031250,1,4.064894,3.951228,0.000000
ins_364,0.052787,2,2.719941,3.548364,0.013423
ins_365,0.002669,1,2.570027,3.152976,0.000000
ins_366,0.177197,2,7.581317,1.930045,0.010458
ins_367,0.091370,1,6.423401,1.554148,0.102312
ins_368,0.024663,2,4.741209,5.102136,0.000000
ins_369,0.052394,3,6.511613,3.188521,0.006015
ins_370,0.004387,1,0.278217,54.064756,0.002234
ins_371,0.018989,5,0.959878,22.588199,0.004841
ins_372,0.053429,5,2.215692,6.438290,0.025261
ins_373,0.009822,4,1.094840,27.095514,0.002241
ins_374,0.107299,9,6.284058,2.354202,0.014315
ins_375,0.019639,4,9.256603,3.238259,0.003818
ins_376,0.014705,2,10.316217,3.585140,0.012848
ins_377,0.044978,3,9.659470,3.485903,0.002832
ins_378,0.104338,1,9.176919,2.223304,0.025588
ins_379,0.057279,1,9.779795,2.242248,0.029674
ins_380,0.006777,1,7.108831,4.320239,0.000090
ins_381,0.042258,2,8.452907,2.186630,0.020349
ins_382,0.013078,3,8.360193,3.380694,0.003173
ins_383,0.053552,10,9.072556,3.402361,0.047030
ins_384,0.034358,5,8.252721,3.695007,0.019289
ins_385,0.074157,1,11.457420,1.884062,0.004119
ins_386,0.000907,1,8.126903,9.242030,0.000000
ins_387,0.009814,8,9.553807,5.158525,0.000000
ins_388,0.012993,4,7.455446,6.828157,0.008711
ins_389,0.029354,6,8.958716,2.978647,0.025034
ins_390,0.044891,2,8.781398,3.244252,0.001833
ins_391,0.017421,2,9.957279,4.330553,0.014286
ins_392,0.019551,5,9.198630,4.341227,0.007503
ins_393,0.008380,3,6.872798,5.975472,0.034528
ins_394,0.027093,1,5.204232,4.766208,0.027235
ins_395,0.024055,6,8.685723,3.354590,0.030711
ins_396,0.021503,8,8.192340,4.509920,0.033128
ins_397,0.011982,3,8.073837,5.221896,0.020589
ins_398,0.012319,1,3.509428,4.621647,0.129375
ins_399,0.033390,2,6.236276,4.231788,0.050953
ins_400,0.015672,7,7.120826,4.722916,0.049206
ins_401,0.013443,2,6.459389,6.168210,0.036718
ins_402,0.016731,2,7.957340,5.306560,0.024938
ins_403,0.020215,1,8.455577,3.884547,0.020428
ins_404,0.021994,4,9.064661,3.918996,0.031323
ins_405,0.019236,3,6.897151,4.660846,0.000000
ins_406,0.011016,3,7.155366,5.455220,0.000199
ins_407,0.003450,3,7.944448,5.067025,0.003802
ins_408,0.019565,3,8.702231,4.150611,0.002300
ins_409,0.011221,4,8.634669,5.035458,0.035528
ins_410,0.011224,2,5.964822,7.503186,0.003880
ins_411,0.008800,2,8.553251,5.147758,0.014323
ins_412,0.015738,3,7.697948,5.060807,0.007797
ins_413,0.009099,5,7.195434,2.898058,0.019514
ins_414,0.021472,4,8.492501,5.467758,0.002859
ins_415,0.035034,1,7.169397,3.000267,0.069835
ins_416,0.031727,3,8.999305,3.421643,0.108614
ins_417,0.026654,1,10.271555,3.252579,0.028800
ins_418,0.010368,1,1.698788,16.612021,0.000000
ins_419,0.011611,1,5.054770,8.465859,0.026824
ins_420,0.078226,2,7.652349,2.268060,0.000482
ins_421,0.027639,1,7.729000,2.242090,0.014182
ins_422,0.010419,3,8.343729,4.120526,0.000000
ins_423,0.032266,3,7.363052,2.365827,0.000252
ins_424,0.023496,6,6.026587,3.378524,0.002389
ins_425,0.032571,1,8.962616,3.622927,0.000000
ins_426,0.041184,1,8.763567,3.132840,0.001376
ins_427,0.043305,2,8.577884,3.098318,0.016439
ins_428,0.031975,1,8.794772,3.657995,0.013859
ins_429,0.075826,3,7.446314,2.763846,0.063054
ins_430,0.020999,14,8.114004,4.269715,0.061097
ins_431,0.025143,1,8.208898,3.044532,0.002284
ins_432,0.008741,3,5.559099,4.136808,0.000000
ins_433,0.007625,1,5.262427,13.591713,0.018847
ins_434,0.001836,3,5.528556,18.135455,0.000000
ins_435,0.005645,1,4.817768,3.211017,0.000000
ins_436,0.034074,3,5.692930,3.184333,0.003662
ins_437,0.003484,1,3.849677,5.143838,0.000000
ins_438,0.029095,2,7.300161,2.268033,0.015664
ins_439,0.007170,1,5.261480,3.169980,0.000000
ins_440,0.007844,1,4.939281,8.657389,0.000000
ins_441,0.006170,1,4.684862,12.708896,0.006479
ins_442,0.007357,1,5.079365,10.979239,0.009964
ins_443,0.006020,1,5.113766,11.647840,0.000000
ins_444,0.029290,2,8.626431,2.904201,0.009109
ins_445,0.031847,1,6.254170,3.059956,0.018341
ins_446,0.042487,1,7.335199,2.501092,0.013603
ins_447,0.039732,2,4.901217,3.795958,0.045496
ins_448,0.087942,1,8.640857,1.754603,0.000000
ins_449,0.032564,8,9.208503,3.677946,0.004544
ins_450,0.006265,2,6.316872,8.288905,0.017264
ins_451,0.016189,1,2.279310,8.374349,0.201042
ins_452,0.056840,5,7.072816,2.843644,0.079244
ins_453,0.005370,3,6.603302,9.268139,0.016485
ins_454,0.010725,4,8.280623,4.681813,0.025554
ins_455,0.011649,1,4.096925,4.468451,0.129732
ins_456,0.037380,6,8.803392,2.830180,0.035522
ins_457,0.004668,1,5.550850,14.422492,0.000198
ins_458,0.000461,1,3.988827,38.053110,0.000821
ins_459,0.020257,2,6.750905,4.228821,0.002001
ins_460,0.008883,4,6.300863,8.911359,0.007996
ins_461,0.029298,4,8.514792,3.055484,0.000000
ins_462,0.012234,5,8.910078,3.471332,0.020470
ins_463,0.003841,1,10.689857,4.344444,0.005603
ins_464,0.019222,7,6.266870,5.578389,0.073390
ins_465,0.013575,5,7.491132,5.139367,0.013708
ins_466,0.007985,2,5.393030,6.616881,0.004225
ins_467,0.036488,5,6.336902,2.440790,0.019082
ins_468,0.068456,6,6.188274,2.535612,0.023650
ins_469,0.011529,1,7.614669,6.317526,0.022040
ins_470,0.009800,4,6.339003,12.981703,0.038133
ins_471,0.052007,8,9.797672,2.734878,0.020596
ins_472,0.037159,1,6.644218,4.300794,0.000000
ins_473,0.100176,5,9.440574,1.684176,0.014740
ins_474,0.046824,4,4.720657,4.928042,0.002829
ins_475,0.008996,7,8.085535,5.278956,0.017735
ins_476,0.042701,2,7.856214,2.455353,0.019622
ins_477,0.009260,3,9.128609,4.401963,0.027619
ins_478,0.052950,1,6.291783,3.313816,0.071996
ins_479,0.002909,2,7.786962,5.808970,0.059984
ins_480,0.009634,2,6.561526,4.816592,0.040909
ins_481,0.013551,3,8.080180,4.443219,0.021037
ins_482,0.008952,3,9.054736,4.711723,0.028009
ins_483,0.014002,2,9.006483,3.373267,0.012613
ins_484,0.000820,2,5.893006,9.541438,0.000000
ins_485,0.007946,1,8.332401,6.134017,0.000000
ins_486,0.008952,3,9.054736,4.711723,0.028009
ins_487,0.007565,1,9.142935,4.319980,0.030020
ins_488,0.003482,2,7.686739,8.368602,0.006522
ins_489,0.004737,1,7.031932,9.646879,0.005056
ins_490,0.102184,2,8.730217,1.951742,0.004538
ins_491,0.100720,4,10.823588,1.774183,0.001201
ins_492,0.021190,4,4.889010,6.202924,0.126295
ins_493,0.008780,4,7.942704,6.082093,0.000000
ins_494,0.020401,2,7.634476,4.909653,0.001922
ins_495,0.008767,1,8.655236,4.848403,0.034138
ins_496,0.021040,3,8.091527,4.353042,0.003619
ins_497,0.007294,2,7.950220,5.106554,0.005967
ins_498,0.042482,3,7.446114,2.430999,0.006893
ins_499,0.022631,3,8.023259,2.666498,0.059543
ins_500,0.019806,1,5.196141,7.408168,0.010812
ins_501,0.015937,1,4.741189,9.138897,0.029314
ins_502,0.150713,4,9.789050,1.637287,0.007602
ins_503,0.017730,4,6.378177,5.589590,0.005453
ins_504,0.009144,6,9.250031,5.569082,0.000659
ins_505,0.006022,1,6.383981,14.079897,0.000000
ins_506,0.012168,2,6.566224,4.435773,0.000206
ins_507,0.054702,6,8.714328,2.195761,0.014965
ins_508,0.096266,1,8.019718,1.958919,0.008978
ins_509,0.014336,2,5.631194,6.331992,0.071865
ins_510,0.003661,1,7.242133,11.405109,0.018821
ins_511,0.061799,1,8.118436,4.274575,0.003477
ins_512,0.017712,2,6.163575,12.337826,0.002382
ins_513,0.019410,1,7.716534,4.546788,0.000000
ins_514,0.020945,4,7.570457,5.877479,0.017123
ins_515,0.008479,1,6.336052,10.898347,0.026864
ins_516,0.019566,7,9.304010,3.374724,0.037246
ins_517,0.022798,4,8.492105,4.461551,0.001576
ins_518,0.008864,2,4.991821,10.483968,0.018782
ins_519,0.007166,4,9.638667,4.570725,0.037770
ins_520,0.018103,7,8.199122,4.153269,0.000000
ins_521,0.003871,2,5.468356,12.741234,0.000000
ins_522,0.011651,1,1.411714,23.902882,0.075377
ins_523,0.029203,1,6.728218,4.516302,0.004194
ins_524,0.036373,2,5.840792,4.912770,0.024419
ins_525,0.003335,2,7.057198,5.625200,0.001412
ins_526,0.015605,1,9.903988,5.762325,0.000000
ins_527,0.006156,1,9.480872,4.064449,0.001348
ins_528,0.014517,7,7.656869,5.617862,0.091155
ins_529,0.015025,6,7.089464,7.487283,0.049050
ins_530,0.007862,2,5.992479,6.868116,0.048138
ins_531,0.020959,2,8.476810,4.623113,0.027189
ins_532,0.018309,1,4.532911,13.422338,0.025996
ins_533,0.038506,3,4.447272,4.645148,0.258767
ins_534,0.032448,3,10.323007,3.172398,0.012908
ins_535,0.026957,6,7.952118,4.495568,0.010696
ins_536,0.006731,1,8.811423,5.296127,0.021856
ins_537,0.012082,1,1.476124,10.944210,0.018921
ins_538,0.226801,1,9.089517,1.414429,0.014404
ins_539,0.020179,3,8.579732,4.390583,0.025448
ins_540,0.013988,4,8.059299,5.907369,0.036728
ins_541,0.011387,1,2.492816,12.622312,0.000000
ins_542,0.028075,6,6.788217,5.099072,0.180539
ins_543,0.004494,2,5.815070,16.160551,0.000000
ins_544,0.015297,5,7.653868,7.018384,0.159323
ins_545,0.028920,1,9.422902,3.596953,0.056061
ins_546,0.022539,2,9.133432,3.901782,0.000454
sho_001,0.052872,1,9.049236,2.083238,0.022996
sho_002,0.066643,2,9.242879,1.943052,0.080330
sho_003,0.067726,1,6.839680,3.094628,0.087498
sho_004,0.039342,12,7.503164,4.220727,0.145268
sho_005,0.034611,1,7.968679,2.749467,0.000176
sho_006,0.058212,4,4.671970,4.094858,0.053229
sho_007,0.025513,3,5.129749,6.179641,0.019741
sho_008,0.033036,1,6.185621,4.624930,0.023730
sho_009,0.052872,1,9.049236,2.083238,0.022996
sho_010,0.035761,5,7.409913,3.944995,0.074729
sho_011,0.063807,2,7.864424,2.623384,0.022811
sho_013,0.015330,1,3.675165,10.469487,0.042916
sho_014,0.030797,1,4.273528,8.948653,0.016990
sho_015,0.031729,2,6.954758,4.315441,0.082848
sho_016,0.055053,8,4.706217,4.904459,0.127755
sho_017,0.046149,6,8.225997,2.891943,0.072512
sho_018,0.024944,3,6.806182,2.851657,0.042660
sho_020,0.032530,1,7.122594,3.660042,0.052275
sho_021,0.032217,2,5.937204,5.063981,0.094538
sho_022,0.049898,5,9.183166,2.287600,0.025729
sho_023,0.038832,2,8.999053,2.439538,0.084165
sho_024,0.051206,1,6.273347,3.604497,0.014056
sho_025,0.065781,1,8.971877,1.965115,0.020356
sho_026,0.097301,1,8.986008,2.985592,0.083146
sho_027,0.059714,1,7.320509,2.993066,0.087450
sho_028,0.082864,1,6.552401,3.372986,0.033529
sho_029,0.041214,7,8.330610,3.647771,0.008712
sho_030,0.082864,1,6.552401,3.372986,0.033529
sho_031,0.037971,6,5.450881,4.055148,0.027791
sho_032,0.042739,13,6.769320,3.520571,0.000000
sho_033,0.034902,5,8.108310,3.793024,0.118749
sho_034,0.019624,3,7.336005,5.224717,0.063895
sho_035,0.040405,1,5.390823,4.705428,0.100014
sho_036,0.033575,1,8.898382,4.087883,0.003107
sho_037,0.020697,3,8.656844,3.738573,0.019374
sho_038,0.023998,2,10.228476,3.374724,0.074203
sho_039,0.013981,1,6.772535,5.556218,0.017557
sho_040,0.031339,1,7.968727,4.194275,0.021870
sho_041,0.055699,3,9.701630,3.430840,0.020045
sho_042,0.028651,1,7.098699,4.644302,0.077102
sho_043,0.020120,4,6.766323,4.007348,0.164085
sho_044,0.042483,1,5.842774,4.477238,0.090143
sho_045,0.041954,2,8.335918,4.065213,0.027175
sho_046,0.037783,1,7.834700,3.197087,0.110211
sho_047,0.047231,10,8.160103,2.524078,0.040624
sho_048,0.023213,5,4.315290,4.419241,0.042475
sho_049,0.035014,1,8.676005,3.074597,0.049254
sho_050,0.034246,2,5.389122,5.258591,0.053924
sho_051,0.046210,1,6.960941,2.804456,0.013118
sho_052,0.013138,1,4.758650,12.603295,0.023100
sho_053,0.064221,1,10.443389,2.286750,0.083867
sho_054,0.055728,2,8.662926,2.934691,0.086980
sho_055,0.030614,1,6.733975,5.790032,0.066505
sho_056,0.046425,1,8.799349,3.709708,0.069527
sho_057,0.031753,3,8.228651,3.106765,0.014331
sho_058,0.056908,4,7.051683,3.651108,0.083778
sho_059,0.105094,7,9.595492,1.950605,0.175476
sho_060,0.038753,1,6.511079,4.360408,0.056106
sho_061,0.047165,3,8.358422,2.283965,0.000112
sho_062,0.049898,5,9.183166,2.287600,0.025729
sho_063,0.058885,1,7.891344,1.770580,0.004703
sho_064,0.052419,7,6.988432,3.995336,0.033871
sho_065,0.033908,4,7.640956,2.969153,0.075450
sho_066,0.069872,1,5.068930,3.030248,0.032418
sho_067,0.090704,1,9.672617,2.094776,0.108415
sho_068,0.072809,1,7.932138,3.104287,0.134071
sho_069,0.026350,1,7.625000,4.184985,0.012097
sho_070,0.072024,2,6.805531,3.354202,0.066759
sho_071,0.060654,1,7.472376,3.256777,0.015742
sho_072,0.036174,1,8.114623,4.522779,0.061021
sho_073,0.082566,5,6.544600,2.524990,0.002605
sho_074,0.095048,1,6.249286,2.550114,0.062380
sho_075,0.031111,1,5.054657,6.770320,0.079228
sho_076,0.025482,1,7.476472,3.221135,0.102791
sho_077,0.021751,1,3.787939,10.697948,0.124923
sho_078,0.036910,1,4.570483,5.458305,0.131027
sho_079,0.030919,1,7.677928,3.185941,0.060972
sho_080,0.039776,5,5.898441,3.463853,0.003226
sho_081,0.049097,2,7.929055,3.264438,0.007126
sho_082,0.047198,1,7.716752,3.212148,0.111654
sho_083,0.039628,1,7.961455,2.033063,0.094874
sho_084,0.035723,2,9.344442,3.301177,0.020250
sho_085,0.045937,2,8.879399,2.832297,0.000000
sho_086,0.031239,1,8.170513,3.541904,0.054560
sho_087,0.027096,1,7.952891,5.099606,0.090666
sho_088,0.054306,6,8.558121,2.956246,0.050924
sho_089,0.024308,6,9.216275,4.297342,0.019110
sho_090,0.097952,1,7.802636,2.511368,0.005554
sho_091,0.026443,2,7.498927,4.008627,0.022333
sho_092,0.017103,7,6.972335,5.901506,0.071939
sho_093,0.050060,8,9.074275,2.246861,0.210120
sho_094,0.061736,8,9.574044,2.311284,0.100012
sho_095,0.065428,7,8.546785,2.397338,0.109554
sho_096,0.046843,7,7.823550,2.865731,0.106493
sho_097,0.016602,1,4.836338,7.170721,0.046672
sho_098,0.034218,6,8.778170,3.832705,0.006823
sho_099,0.028696,1,6.341350,5.483130,0.000000
sho_100,0.019900,2,6.994601,3.845631,0.039936
sho_101,0.017763,3,4.276334,6.342638,0.030203
sho_102,0.032290,4,8.960386,3.201578,0.056122
sho_103,0.040765,3,6.637321,3.226293,0.041045
sho_104,0.045794,6,8.143967,2.388407,0.025368
sho_105,0.049098,10,4.505413,4.180369,0.031025
sho_106,0.053127,6,5.424970,3.087143,0.112116
sho_107,0.027996,1,3.703243,3.662431,0.090316
sho_108,0.029696,1,4.616470,7.510571,0.081401
sho_109,0.065125,1,4.990372,5.613037,0.140223
sho_110,0.027008,2,8.492169,2.339335,0.048010
sho_111,0.039123,1,7.742638,2.158432,0.068046
sho_112,0.020458,1,4.166703,6.830551,0.062448
sho_113,0.023601,1,7.407869,4.385305,0.112524
sho_114,0.042501,1,5.013622,5.658637,0.101594
sho_115,0.051477,1,5.291092,5.097810,0.105247
sho_116,0.036502,5,9.279411,3.101917,0.091412
sho_117,0.039709,4,8.215605,4.238509,0.086447
sho_118,0.041760,2,8.843270,3.415582,0.061165
sho_119,0.024389,4,7.694941,4.678507,0.565982
sho_120,0.037846,11,5.534002,3.483236,0.162820
sho_121,0.023924,1,7.308900,6.280595,0.101321
sho_122,0.240814,1,8.005477,1.657049,0.051189
sho_123,0.044074,1,7.694419,3.393673,0.010212
